Workbook

Sheet survey_2yrs
A1: date | B1: pct_male | C1: pct_female | D1: pct_family | E1: pct_single
A2: 44927 | B2: 47.9 | C2: 52.1 | D2: 49.4 | E2: 50.6
A3: 44928 | B3: 47.4 | C3: 52.6 | D3: 45.6 | E3: 54.4
A4: 44929 | B4: 50.3 | C4: 49.7 | D4: 43.9 | E4: 56.1
A5: 44930 | B5: 48.6 | C5: 51.4 | D5: 44.8 | E5: 55.2
A6: 44931 | B6: 50.4 | C6: 49.6 | D6: 43.6 | E6: 56.4
A7: 44932 | B7: 50.7 | C7: 49.3 | D7: 45.3 | E7: 54.7
A8: 44933 | B8: 49 | C8: 51 | D8: 52.5 | E8: 47.5
A9: 44934 | B9: 49.1 | C9: 50.9 | D9: 50.9 | E9: 49.1
A10: 44935 | B10: 49.2 | C10: 50.8 | D10: 45.9 | E10: 54.1
A11: 44936 | B11: 48.5 | C11: 51.5 | D11: 42.5 | E11: 57.5
A12: 44937 | B12: 50.6 | C12: 49.4 | D12: 44.1 | E12: 55.9
A13: 44938 | B13: 49.7 | C13: 50.3 | D13: 45.6 | E13: 54.4
... A732: 45657 | B732: 50.2 | C732: 49.8 | D732: 43.8 | E732: 56.2

Sheet weather_2yrs
A1: date | B1: avg_temp_f | C1: precip_in | D1: is_rain | E1: humidity_pct
A2: 44927 | B2: 77.9 | C2: 0 | D2: 0 | E2: 46.3
A3: 44928 | B3: 73.9 | C3: 0.31 | D3: 1 | E3: 51.1
A4: 44929 | B4: 76.3 | C4: 0 | D4: 0 | E4: 51.6
A5: 44930 | B5: 74.2 | C5: 0 | D5: 0 | E5: 51.6
A6: 44931 | B6: 72.7 | C6: 0 | D6: 0 | E6: 54.8
A7: 44932 | B7: 73.1 | C7: 0.33 | D7: 1 | E7: 44.1
A8: 44933 | B8: 74.9 | C8: 0 | D8: 0 | E8: 48.3
A9: 44934 | B9: 68.4 | C9: 0.48 | D9: 1 | E9: 39.7
A10: 44935 | B10: 74.3 | C10: 0 | D10: 0 | E10: 49.8
A11: 44936 | B11: 70.3 | C11: 0 | D11: 0 | E11: 37.1
A12: 44937 | B12: 71.9 | C12: 0 | D12: 0 | E12: 44.6
A13: 44938 | B13: 72 | C13: 0 | D13: 0 | E13: 42.7
... A732: 45657 | B732: 70.9 | C732: 0 | D732: 0 | E732: 47.8

Sheet sales
A1: date | B1: shop_id | C1: shop_name | D1: customers | E1: sales_usd
A2: 44927 | B2: 1 | C2: Miami Beach | D2: 296 | E2: 5440.48
A3: 44928 | B3: 1 | C3: Miami Beach | D3: 253 | E3: 4754.25
A4: 44929 | B4: 1 | C4: Miami Beach | D4: 225 | E4: 4326.42
A5: 44930 | B5: 1 | C5: Miami Beach | D5: 246 | E5: 4570.11
A6: 44931 | B6: 1 | C6: Miami Beach | D6: 235 | E6: 4202.11
A7: 44932 | B7: 1 | C7: Miami Beach | D7: 223 | E7: 4067.3
A8: 44933 | B8: 1 | C8: Miami Beach | D8: 304 | E8: 5141.29
A9: 44934 | B9: 1 | C9: Miami Beach | D9: 235 | E9: 4270.28
A10: 44935 | B10: 1 | C10: Miami Beach | D10: 251 | E10: 4431.64
A11: 44936 | B11: 1 | C11: Miami Beach | D11: 215 | E11: 3918.9
A12: 44937 | B12: 1 | C12: Miami Beach | D12: 219 | E12: 4151.64
A13: 44938 | B13: 1 | C13: Miami Beach | D13: 211 | E13: 3894.75
... A2925: 45657 | B2925: 4 | C2925: Jacksonville | D2925: 166 | E2925: 2603.55

Sheet queried
A1: date | B1: day_of_week | C1: Is_Weekend | D1: pct_male | E1: pct_female | F1: pct_family | G1: pct_single | H1: avg_temp_f | I1: precip_in | J1: is_rain | K1: humidity_pct | L1: shop_id | M1: shop_name | N1: customers | O1: sales_usd | P1: sales_per_customer
A2: 44927 | B2: =TEXT(A2, "dddd") -> Sunday | C2: =IF(WEEKDAY(A2,2)>5,TRUE,FALSE) -> TRUE | D2: =VLOOKUP($A2,survey_2yrs!A:B, 2) -> 47.9 | E2: =VLOOKUP($A2,survey_2yrs!$A:C, 3) -> 52.1 | F2: =VLOOKUP($A2,survey_2yrs!$A:D, 4) -> 49.4 | G2: =_xlfn.XLOOKUP($A2,survey_2yrs!A:A,survey_2yrs!E:E) -> 50.6 | H2: =_xlfn.XLOOKUP($A2,weather_2yrs!$A:$A,weather_2yrs!B:B) -> 77.9 | I2: =_xlfn.XLOOKUP($A2,weather_2yrs!$A:$A,weather_2yrs!C:C) -> 0 | J2: =_xlfn.XLOOKUP($A2,weather_2yrs!$A:$A,weather_2yrs!D:D) -> 0 | K2: =_xlfn.XLOOKUP($A2,weather_2yrs!$A:$A,weather_2yrs!E:E) -> 46.3 | L2: =_xlfn.XLOOKUP($A2,sales!$A:$A,sales!B:B) -> 1 | M2: =_xlfn.XLOOKUP($A2,sales!$A:$A,sales!C:C) -> Miami Beach | N2: =_xlfn.XLOOKUP($A2,sales!$A:$A,sales!D:D) -> 296 | O2: =_xlfn.XLOOKUP($A2,sales!$A:$A,sales!E:E) -> 5440.48 | P2: =O2/N2 -> 18.38 | R2: null values | S2: =COUNTBLANK(A2:P732) -> 0
A3: 44928 | B3: =TEXT(A3, "dddd") -> Monday | C3: =IF(WEEKDAY(A3,2)>5,TRUE,FALSE) -> FALSE | D3: =VLOOKUP($A3,survey_2yrs!A:B, 2) -> 47.4 | E3: =VLOOKUP($A3,survey_2yrs!$A:C, 3) -> 52.6 | F3: =VLOOKUP($A3,survey_2yrs!$A:D, 4) -> 45.6 | G3: =_xlfn.XLOOKUP(A3,survey_2yrs!A:A,survey_2yrs!E:E) -> 54.4 | H3: =_xlfn.XLOOKUP($A3,weather_2yrs!$A:$A,weather_2yrs!B:B) -> 73.9 | I3: =_xlfn.XLOOKUP($A3,weather_2yrs!$A:$A,weather_2yrs!C:C) -> 0.31 | J3: =_xlfn.XLOOKUP($A3,weather_2yrs!$A:$A,weather_2yrs!D:D) -> 1 | K3: =_xlfn.XLOOKUP($A3,weather_2yrs!$A:$A,weather_2yrs!E:E) -> 51.1 | L3: =_xlfn.XLOOKUP($A3,sales!$A:$A,sales!B:B) -> 1 | M3: =_xlfn.XLOOKUP($A3,sales!$A:$A,sales!C:C) -> Miami Beach | N3: =_xlfn.XLOOKUP($A3,sales!$A:$A,sales!D:D) -> 253 | O3: =_xlfn.XLOOKUP($A3,sales!$A:$A,sales!E:E) -> 4754.25 | P3: =O3/N3 -> 18.791502
A4: 44929 | B4: =TEXT(A4, "dddd") -> Tuesday | C4: =IF(WEEKDAY(A4,2)>5,TRUE,FALSE) -> FALSE | D4: =VLOOKUP($A4,survey_2yrs!A:B, 2) -> 50.3 | E4: =VLOOKUP($A4,survey_2yrs!$A:C, 3) -> 49.7 | F4: =VLOOKUP($A4,survey_2yrs!$A:D, 4) -> 43.9 | G4: =_xlfn.XLOOKUP(A4,survey_2yrs!A:A,survey_2yrs!E:E) -> 56.1 | H4: =_xlfn.XLOOKUP($A4,weather_2yrs!$A:$A,weather_2yrs!B:B) -> 76.3 | I4: =_xlfn.XLOOKUP($A4,weather_2yrs!$A:$A,weather_2yrs!C:C) -> 0 | J4: =_xlfn.XLOOKUP($A4,weather_2yrs!$A:$A,weather_2yrs!D:D) -> 0 | K4: =_xlfn.XLOOKUP($A4,weather_2yrs!$A:$A,weather_2yrs!E:E) -> 51.6 | L4: =_xlfn.XLOOKUP($A4,sales!$A:$A,sales!B:B) -> 1 | M4: =_xlfn.XLOOKUP($A4,sales!$A:$A,sales!C:C) -> Miami Beach | N4: =_xlfn.XLOOKUP($A4,sales!$A:$A,sales!D:D) -> 225 | O4: =_xlfn.XLOOKUP($A4,sales!$A:$A,sales!E:E) -> 4326.42 | P4: =O4/N4 -> 19.228533
A5: 44930 | B5: =TEXT(A5, "dddd") -> Wednesday | C5: =IF(WEEKDAY(A5,2)>5,TRUE,FALSE) -> FALSE | D5: =VLOOKUP($A5,survey_2yrs!A:B, 2) -> 48.6 | E5: =VLOOKUP($A5,survey_2yrs!$A:C, 3) -> 51.4 | F5: =VLOOKUP($A5,survey_2yrs!$A:D, 4) -> 44.8 | G5: =_xlfn.XLOOKUP(A5,survey_2yrs!A:A,survey_2yrs!E:E) -> 55.2 | H5: =_xlfn.XLOOKUP($A5,weather_2yrs!$A:$A,weather_2yrs!B:B) -> 74.2 | I5: =_xlfn.XLOOKUP($A5,weather_2yrs!$A:$A,weather_2yrs!C:C) -> 0 | J5: =_xlfn.XLOOKUP($A5,weather_2yrs!$A:$A,weather_2yrs!D:D) -> 0 | K5: =_xlfn.XLOOKUP($A5,weather_2yrs!$A:$A,weather_2yrs!E:E) -> 51.6 | L5: =_xlfn.XLOOKUP($A5,sales!$A:$A,sales!B:B) -> 1 | M5: =_xlfn.XLOOKUP($A5,sales!$A:$A,sales!C:C) -> Miami Beach | N5: =_xlfn.XLOOKUP($A5,sales!$A:$A,sales!D:D) -> 246 | O5: =_xlfn.XLOOKUP($A5,sales!$A:$A,sales!E:E) -> 4570.11 | P5: =O5/N5 -> 18.577683
A6: 44931 | B6: =TEXT(A6, "dddd") -> Thursday | C6: =IF(WEEKDAY(A6,2)>5,TRUE,FALSE) -> FALSE | D6: =VLOOKUP($A6,survey_2yrs!A:B, 2) -> 50.4 | E6: =VLOOKUP($A6,survey_2yrs!$A:C, 3) -> 49.6 | F6: =VLOOKUP($A6,survey_2yrs!$A:D, 4) -> 43.6 | G6: =_xlfn.XLOOKUP(A6,survey_2yrs!A:A,survey_2yrs!E:E) -> 56.4 | H6: =_xlfn.XLOOKUP($A6,weather_2yrs!$A:$A,weather_2yrs!B:B) -> 72.7 | I6: =_xlfn.XLOOKUP($A6,weather_2yrs!$A:$A,weather_2yrs!C:C) -> 0 | J6: =_xlfn.XLOOKUP($A6,weather_2yrs!$A:$A,weather_2yrs!D:D) -> 0 | K6: =_xlfn.XLOOKUP($A6,weather_2yrs!$A:$A,weather_2yrs!E:E) -> 54.8 | L6: =_xlfn.XLOOKUP($A6,sales!$A:$A,sales!B:B) -> 1 | M6: =_xlfn.XLOOKUP($A6,sales!$A:$A,sales!C:C) -> Miami Beach | N6: =_xlfn.XLOOKUP($A6,sales!$A:$A,sales!D:D) -> 235 | O6: =_xlfn.XLOOKUP($A6,sales!$A:$A,sales!E:E) -> 4202.11 | P6: =O6/N6 -> 17.881319
A7: 44932 | B7: =TEXT(A7, "dddd") -> Friday | C7: =IF(WEEKDAY(A7,2)>5,TRUE,FALSE) -> FALSE | D7: =VLOOKUP($A7,survey_2yrs!A:B, 2) -> 50.7 | E7: =VLOOKUP($A7,survey_2yrs!$A:C, 3) -> 49.3 | F7: =VLOOKUP($A7,survey_2yrs!$A:D, 4) -> 45.3 | G7: =_xlfn.XLOOKUP(A7,survey_2yrs!A:A,survey_2yrs!E:E) -> 54.7 | H7: =_xlfn.XLOOKUP($A7,weather_2yrs!$A:$A,weather_2yrs!B:B) -> 73.1 | I7: =_xlfn.XLOOKUP($A7,weather_2yrs!$A:$A,weather_2yrs!C:C) -> 0.33 | J7: =_xlfn.XLOOKUP($A7,weather_2yrs!$A:$A,weather_2yrs!D:D) -> 1 | K7: =_xlfn.XLOOKUP($A7,weather_2yrs!$A:$A,weather_2yrs!E:E) -> 44.1 | L7: =_xlfn.XLOOKUP($A7,sales!$A:$A,sales!B:B) -> 1 | M7: =_xlfn.XLOOKUP($A7,sales!$A:$A,sales!C:C) -> Miami Beach | N7: =_xlfn.XLOOKUP($A7,sales!$A:$A,sales!D:D) -> 223 | O7: =_xlfn.XLOOKUP($A7,sales!$A:$A,sales!E:E) -> 4067.3 | P7: =O7/N7 -> 18.239013
A8: 44933 | B8: =TEXT(A8, "dddd") -> Saturday | C8: =IF(WEEKDAY(A8,2)>5,TRUE,FALSE) -> TRUE | D8: =VLOOKUP($A8,survey_2yrs!A:B, 2) -> 49 | E8: =VLOOKUP($A8,survey_2yrs!$A:C, 3) -> 51 | F8: =VLOOKUP($A8,survey_2yrs!$A:D, 4) -> 52.5 | G8: =_xlfn.XLOOKUP(A8,survey_2yrs!A:A,survey_2yrs!E:E) -> 47.5 | H8: =_xlfn.XLOOKUP($A8,weather_2yrs!$A:$A,weather_2yrs!B:B) -> 74.9 | I8: =_xlfn.XLOOKUP($A8,weather_2yrs!$A:$A,weather_2yrs!C:C) -> 0 | J8: =_xlfn.XLOOKUP($A8,weather_2yrs!$A:$A,weather_2yrs!D:D) -> 0 | K8: =_xlfn.XLOOKUP($A8,weather_2yrs!$A:$A,weather_2yrs!E:E) -> 48.3 | L8: =_xlfn.XLOOKUP($A8,sales!$A:$A,sales!B:B) -> 1 | M8: =_xlfn.XLOOKUP($A8,sales!$A:$A,sales!C:C) -> Miami Beach | N8: =_xlfn.XLOOKUP($A8,sales!$A:$A,sales!D:D) -> 304 | O8: =_xlfn.XLOOKUP($A8,sales!$A:$A,sales!E:E) -> 5141.29 | P8: =O8/N8 -> 16.912138
A9: 44934 | B9: =TEXT(A9, "dddd") -> Sunday | C9: =IF(WEEKDAY(A9,2)>5,TRUE,FALSE) -> TRUE | D9: =VLOOKUP($A9,survey_2yrs!A:B, 2) -> 49.1 | E9: =VLOOKUP($A9,survey_2yrs!$A:C, 3) -> 50.9 | F9: =VLOOKUP($A9,survey_2yrs!$A:D, 4) -> 50.9 | G9: =_xlfn.XLOOKUP(A9,survey_2yrs!A:A,survey_2yrs!E:E) -> 49.1 | H9: =_xlfn.XLOOKUP($A9,weather_2yrs!$A:$A,weather_2yrs!B:B) -> 68.4 | I9: =_xlfn.XLOOKUP($A9,weather_2yrs!$A:$A,weather_2yrs!C:C) -> 0.48 | J9: =_xlfn.XLOOKUP($A9,weather_2yrs!$A:$A,weather_2yrs!D:D) -> 1 | K9: =_xlfn.XLOOKUP($A9,weather_2yrs!$A:$A,weather_2yrs!E:E) -> 39.7 | L9: =_xlfn.XLOOKUP($A9,sales!$A:$A,sales!B:B) -> 1 | M9: =_xlfn.XLOOKUP($A9,sales!$A:$A,sales!C:C) -> Miami Beach | N9: =_xlfn.XLOOKUP($A9,sales!$A:$A,sales!D:D) -> 235 | O9: =_xlfn.XLOOKUP($A9,sales!$A:$A,sales!E:E) -> 4270.28 | P9: =O9/N9 -> 18.171404
A10: 44935 | B10: =TEXT(A10, "dddd") -> Monday | C10: =IF(WEEKDAY(A10,2)>5,TRUE,FALSE) -> FALSE | D10: =VLOOKUP($A10,survey_2yrs!A:B, 2) -> 49.2 | E10: =VLOOKUP($A10,survey_2yrs!$A:C, 3) -> 50.8 | F10: =VLOOKUP($A10,survey_2yrs!$A:D, 4) -> 45.9 | G10: =_xlfn.XLOOKUP(A10,survey_2yrs!A:A,survey_2yrs!E:E) -> 54.1 | H10: =_xlfn.XLOOKUP($A10,weather_2yrs!$A:$A,weather_2yrs!B:B) -> 74.3 | I10: =_xlfn.XLOOKUP($A10,weather_2yrs!$A:$A,weather_2yrs!C:C) -> 0 | J10: =_xlfn.XLOOKUP($A10,weather_2yrs!$A:$A,weather_2yrs!D:D) -> 0 | K10: =_xlfn.XLOOKUP($A10,weather_2yrs!$A:$A,weather_2yrs!E:E) -> 49.8 | L10: =_xlfn.XLOOKUP($A10,sales!$A:$A,sales!B:B) -> 1 | M10: =_xlfn.XLOOKUP($A10,sales!$A:$A,sales!C:C) -> Miami Beach | N10: =_xlfn.XLOOKUP($A10,sales!$A:$A,sales!D:D) -> 251 | O10: =_xlfn.XLOOKUP($A10,sales!$A:$A,sales!E:E) -> 4431.64 | P10: =O10/N10 -> 17.655936
A11: 44936 | B11: =TEXT(A11, "dddd") -> Tuesday | C11: =IF(WEEKDAY(A11,2)>5,TRUE,FALSE) -> FALSE | D11: =VLOOKUP($A11,survey_2yrs!A:B, 2) -> 48.5 | E11: =VLOOKUP($A11,survey_2yrs!$A:C, 3) -> 51.5 | F11: =VLOOKUP($A11,survey_2yrs!$A:D, 4) -> 42.5 | G11: =_xlfn.XLOOKUP(A11,survey_2yrs!A:A,survey_2yrs!E:E) -> 57.5 | H11: =_xlfn.XLOOKUP($A11,weather_2yrs!$A:$A,weather_2yrs!B:B) -> 70.3 | I11: =_xlfn.XLOOKUP($A11,weather_2yrs!$A:$A,weather_2yrs!C:C) -> 0 | J11: =_xlfn.XLOOKUP($A11,weather_2yrs!$A:$A,weather_2yrs!D:D) -> 0 | K11: =_xlfn.XLOOKUP($A11,weather_2yrs!$A:$A,weather_2yrs!E:E) -> 37.1 | L11: =_xlfn.XLOOKUP($A11,sales!$A:$A,sales!B:B) -> 1 | M11: =_xlfn.XLOOKUP($A11,sales!$A:$A,sales!C:C) -> Miami Beach | N11: =_xlfn.XLOOKUP($A11,sales!$A:$A,sales!D:D) -> 215 | O11: =_xlfn.XLOOKUP($A11,sales!$A:$A,sales!E:E) -> 3918.9 | P11: =O11/N11 -> 18.227442
A12: 44937 | B12: =TEXT(A12, "dddd") -> Wednesday | C12: =IF(WEEKDAY(A12,2)>5,TRUE,FALSE) -> FALSE | D12: =VLOOKUP($A12,survey_2yrs!A:B, 2) -> 50.6 | E12: =VLOOKUP($A12,survey_2yrs!$A:C, 3) -> 49.4 | F12: =VLOOKUP($A12,survey_2yrs!$A:D, 4) -> 44.1 | G12: =_xlfn.XLOOKUP(A12,survey_2yrs!A:A,survey_2yrs!E:E) -> 55.9 | H12: =_xlfn.XLOOKUP($A12,weather_2yrs!$A:$A,weather_2yrs!B:B) -> 71.9 | I12: =_xlfn.XLOOKUP($A12,weather_2yrs!$A:$A,weather_2yrs!C:C) -> 0 | J12: =_xlfn.XLOOKUP($A12,weather_2yrs!$A:$A,weather_2yrs!D:D) -> 0 | K12: =_xlfn.XLOOKUP($A12,weather_2yrs!$A:$A,weather_2yrs!E:E) -> 44.6 | L12: =_xlfn.XLOOKUP($A12,sales!$A:$A,sales!B:B) -> 1 | M12: =_xlfn.XLOOKUP($A12,sales!$A:$A,sales!C:C) -> Miami Beach | N12: =_xlfn.XLOOKUP($A12,sales!$A:$A,sales!D:D) -> 219 | O12: =_xlfn.XLOOKUP($A12,sales!$A:$A,sales!E:E) -> 4151.64 | P12: =O12/N12 -> 18.95726
A13: 44938 | B13: =TEXT(A13, "dddd") -> Thursday | C13: =IF(WEEKDAY(A13,2)>5,TRUE,FALSE) -> FALSE | D13: =VLOOKUP($A13,survey_2yrs!A:B, 2) -> 49.7 | E13: =VLOOKUP($A13,survey_2yrs!$A:C, 3) -> 50.3 | F13: =VLOOKUP($A13,survey_2yrs!$A:D, 4) -> 45.6 | G13: =_xlfn.XLOOKUP(A13,survey_2yrs!A:A,survey_2yrs!E:E) -> 54.4 | H13: =_xlfn.XLOOKUP($A13,weather_2yrs!$A:$A,weather_2yrs!B:B) -> 72 | I13: =_xlfn.XLOOKUP($A13,weather_2yrs!$A:$A,weather_2yrs!C:C) -> 0 | J13: =_xlfn.XLOOKUP($A13,weather_2yrs!$A:$A,weather_2yrs!D:D) -> 0 | K13: =_xlfn.XLOOKUP($A13,weather_2yrs!$A:$A,weather_2yrs!E:E) -> 42.7 | L13: =_xlfn.XLOOKUP($A13,sales!$A:$A,sales!B:B) -> 1 | M13: =_xlfn.XLOOKUP($A13,sales!$A:$A,sales!C:C) -> Miami Beach | N13: =_xlfn.XLOOKUP($A13,sales!$A:$A,sales!D:D) -> 211 | O13: =_xlfn.XLOOKUP($A13,sales!$A:$A,sales!E:E) -> 3894.75 | P13: =O13/N13 -> 18.458531
A14: 44939 | B14: =TEXT(A14, "dddd") -> Friday | C14: =IF(WEEKDAY(A14,2)>5,TRUE,FALSE) -> FALSE | D14: =VLOOKUP($A14,survey_2yrs!A:B, 2) -> 49.5 | E14: =VLOOKUP($A14,survey_2yrs!$A:C, 3) -> 50.5 | F14: =VLOOKUP($A14,survey_2yrs!$A:D, 4) -> 47.3 | G14: =_xlfn.XLOOKUP(A14,survey_2yrs!A:A,survey_2yrs!E:E) -> 52.7 | H14: =_xlfn.XLOOKUP($A14,weather_2yrs!$A:$A,weather_2yrs!B:B) -> 76.2 | I14: =_xlfn.XLOOKUP($A14,weather_2yrs!$A:$A,weather_2yrs!C:C) -> 0 | J14: =_xlfn.XLOOKUP($A14,weather_2yrs!$A:$A,weather_2yrs!D:D) -> 0 | K14: =_xlfn.XLOOKUP($A14,weather_2yrs!$A:$A,weather_2yrs!E:E) -> 40.2 | L14: =_xlfn.XLOOKUP($A14,sales!$A:$A,sales!B:B) -> 1 | M14: =_xlfn.XLOOKUP($A14,sales!$A:$A,sales!C:C) -> Miami Beach | N14: =_xlfn.XLOOKUP($A14,sales!$A:$A,sales!D:D) -> 237 | O14: =_xlfn.XLOOKUP($A14,sales!$A:$A,sales!E:E) -> 4477.85 | P14: =O14/N14 -> 18.893882
... A732: 45657 | B732: =TEXT(A732, "dddd") -> Tuesday | C732: =IF(WEEKDAY(A732,2)>5,TRUE,FALSE) -> FALSE | D732: =VLOOKUP($A732,survey_2yrs!A:B, 2) -> 50.2 | E732: =VLOOKUP($A732,survey_2yrs!$A:C, 3) -> 49.8 | F732: =VLOOKUP($A732,survey_2yrs!$A:D, 4) -> 43.8 | G732: =_xlfn.XLOOKUP(A732,survey_2yrs!A:A,survey_2yrs!E:E) -> 56.2 | H732: =_xlfn.XLOOKUP($A732,weather_2yrs!$A:$A,weather_2yrs!B:B) -> 70.9 | I732: =_xlfn.XLOOKUP($A732,weather_2yrs!$A:$A,weather_2yrs!C:C) -> 0 | J732: =_xlfn.XLOOKUP($A732,weather_2yrs!$A:$A,weather_2yrs!D:D) -> 0 | K732: =_xlfn.XLOOKUP($A732,weather_2yrs!$A:$A,weather_2yrs!E:E) -> 47.8 | L732: =_xlfn.XLOOKUP($A732,sales!$A:$A,sales!B:B) -> 1 | M732: =_xlfn.XLOOKUP($A732,sales!$A:$A,sales!C:C) -> Miami Beach | N732: =_xlfn.XLOOKUP($A732,sales!$A:$A,sales!D:D) -> 196 | O732: =_xlfn.XLOOKUP($A732,sales!$A:$A,sales!E:E) -> 3755.53 | P732: =O732/N732 -> 19.160867
